#fill users
INSERT INTO users (email,name,phoneNum,password,isMember,isAdmin) VALUES("Bala.Stella@hotmail.com","Bala Stella","3105738768","BobRoss",0,1);
INSERT INTO users (email,name,phoneNum,password,isMember,isAdmin) VALUES("Sudarshan.Lainey@gmail.com","Sudarshan Lainey","6267653115","BobRoss",0,1);
INSERT INTO users (email,name,phoneNum,password,isMember,isAdmin) VALUES("Kekepania.Seraphine@yahoo.com","Kekepania Seraphine","2097548493","BobRoss",0,1);
INSERT INTO users (email,name,phoneNum,password,isMember,isAdmin) VALUES("Pavel.America@yahoo.com","Pavel America","5629101092","BobRoss",0,1);
INSERT INTO users (email,name,phoneNum,password,isMember,isAdmin) VALUES("Geoff.Humaira@gmail.com","Geoff Humaira","8059078493","BobRoss",0,1);
INSERT INTO users (email,name,phoneNum,password,isMember,isAdmin) VALUES("Emmett.Humaira@hotmail.com","Emmett Humaira","8311236192","BobRoss",1,0);
INSERT INTO users (email,name,phoneNum,password,isMember,isAdmin) VALUES("Cecilie.Humaira@gmail.com","Cecilie Humaira","2133622039","BobRoss",0,1);
INSERT INTO users (email,name,phoneNum,password,isMember,isAdmin) VALUES("Clio.Seraphine@hotmail.com","Clio Seraphine","9497646192","BobRoss",1,0);
INSERT INTO users (email,name,phoneNum,password,isMember,isAdmin) VALUES("Zarko.Ghislaine@yahoo.com","Zarko Ghislaine","7609108493","BobRoss",1,0);
INSERT INTO users (email,name,phoneNum,password,isMember,isAdmin) VALUES("Desmond.Stella@hotmail.com","Desmond Stella","6618038768","BobRoss",1,0);
INSERT INTO users (email,name,phoneNum,password,isMember,isAdmin) VALUES("Juan.Eseoghene@hotmail.com","Juan Eseoghene","5629109302","BobRoss",0,1);
INSERT INTO users (email,name,phoneNum,password,isMember,isAdmin) VALUES("Cecilie.Lainey@hotmail.com","Cecilie Lainey","8315735473","BobRoss",0,1);
INSERT INTO users (email,name,phoneNum,password,isMember,isAdmin) VALUES("Juan.Lainey@yahoo.com","Juan Lainey","5623621092","BobRoss",0,1);
INSERT INTO users (email,name,phoneNum,password,isMember,isAdmin) VALUES("Elli.Nerthus@hotmail.com","Elli Nerthus","5109072375","BobRoss",0,1);
INSERT INTO users (email,name,phoneNum,password,isMember,isAdmin) VALUES("Ian.Lainey@yahoo.com","Ian Lainey","6191239302","BobRoss",0,1);

#fill address
INSERT INTO addresses (street,zip,city,state) VALUES ("New Close Farm Road","24715",Bramwell",IN");
INSERT INTO addresses (street,zip,city,state) VALUES ("Canon Place","24737",Montcalm",AK");
INSERT INTO addresses (street,zip,city,state) VALUES ("Fish Rake Lane","24726",Herndon",MN");
INSERT INTO addresses (street,zip,city,state) VALUES ("Berryhill Avenue","24738",Nemours",WV");
INSERT INTO addresses (street,zip,city,state) VALUES ("Venette Close","24731",Kegley",MI");
INSERT INTO addresses (street,zip,city,state) VALUES ("Vandries Street","24701",Bluefield",DE");
INSERT INTO addresses (street,zip,city,state) VALUES ("Maryfield Park","24732",Kellysville",MO");
INSERT INTO addresses (street,zip,city,state) VALUES ("Upper Piccadilly","24712",Athens",AZ");
INSERT INTO addresses (street,zip,city,state) VALUES ("Stoneycrof Crescent","24733",Lashmeet",MD");
INSERT INTO addresses (street,zip,city,state) VALUES ("Knowle Top Road","24729",Hiawatha",WI");
INSERT INTO addresses (street,zip,city,state) VALUES ("Merleswen","24716",Bud",IA");
INSERT INTO addresses (street,zip,city,state) VALUES ("Dolphin Gardens East","24719",Covel",FL");
INSERT INTO addresses (street,zip,city,state) VALUES ("Benmore View","24724",Freeman",CT");
INSERT INTO addresses (street,zip,city,state) VALUES ("Kelton Grove","24714",Beeson",AL");
INSERT INTO addresses (street,zip,city,state) VALUES ("Beechcroft Court","24736",Matoaka",NC");

#fill livesAt1




#fill media
INSERT INTO `media` (`mediaID`, `releaseDate`, `genre`, `title`, `numCopiesAvaliable`) VALUES ('1', '1942-10-01', 'Funny', 'Slave of Thorn', '5');
INSERT INTO `media` (`mediaID`, `releaseDate`, `genre`, `title`, `numCopiesAvaliable`) VALUES ('2', '2018-02-11', 'Sad', 'The Heat of the Boy', '3');
INSERT INTO `media` (`mediaID`, `releaseDate`, `genre`, `title`, `numCopiesAvaliable`) VALUES ('3', '2010-12-30', 'Sad', 'Element of Person', '53');
INSERT INTO `media` (`mediaID`, `releaseDate`, `genre`, `title`, `numCopiesAvaliable`) VALUES ('4', '2001-01-20', 'Funny', 'The Boy of the Shard', '32');
INSERT INTO `media` (`mediaID`, `releaseDate`, `genre`, `title`, `numCopiesAvaliable`) VALUES ('5', '1313-11-12', 'Mad', 'Only Servant', '1');
INSERT INTO `media` (`mediaID`, `releaseDate`, `genre`, `title`, `numCopiesAvaliable`) VALUES ('6', '1111-11-11', 'Mad', 'The Wet Kiss', '43');
INSERT INTO `media` (`mediaID`, `releaseDate`, `genre`, `title`, `numCopiesAvaliable`) VALUES ('7', '1247-01-02', 'Sad', 'BoyFriend in the Legacy', '0');
INSERT INTO `media` (`mediaID`, `releaseDate`, `genre`, `title`, `numCopiesAvaliable`) VALUES ('8', '3468-01-03', 'Sad', 'The Princess\'s Vision', '42');
INSERT INTO `media` (`mediaID`, `releaseDate`, `genre`, `title`, `numCopiesAvaliable`) VALUES ('9', '2249-01-04', 'Happy', 'Scent of Woman', '426');
INSERT INTO `media` (`mediaID`, `releaseDate`, `genre`, `title`, `numCopiesAvaliable`) VALUES ('10', '1364-01-05', 'Happy', 'Darkest Mists', '76');
INSERT INTO `media` (`mediaID`, `releaseDate`, `genre`, `title`, `numCopiesAvaliable`) VALUES ('11', '1345-02-01', 'Happy', 'The Crying of Servants', '3');
INSERT INTO `media` (`mediaID`, `releaseDate`, `genre`, `title`, `numCopiesAvaliable`) VALUES ('12', '5432-02-02', 'Sad', 'Lords in the Luck', '6');
INSERT INTO `media` (`mediaID`, `releaseDate`, `genre`, `title`, `numCopiesAvaliable`) VALUES ('13', '1903-02-03', 'Mad', 'Blue Staff', '58');
INSERT INTO `media` (`mediaID`, `releaseDate`, `genre`, `title`, `numCopiesAvaliable`) VALUES ('14', '1801-02-04', 'Mad', 'The Rainbow', '234');
INSERT INTO `media` (`mediaID`, `releaseDate`, `genre`, `title`, `numCopiesAvaliable`) VALUES ('15', '2019-03-01', 'Sad', 'The Rainbow\'s Beginning', '65');

#fill movies
INSERT INTO `movies` (`movieID`) VALUES ('1');
INSERT INTO `movies` (`movieID`) VALUES ('2');
INSERT INTO `movies` (`movieID`) VALUES ('3');
INSERT INTO `movies` (`movieID`) VALUES ('4');
INSERT INTO `movies` (`movieID`) VALUES ('5');
INSERT INTO `movies` (`movieID`) VALUES ('6');

#fill games
INSERT INTO `games` (`gameID`, `version`, `platform`) VALUES ('7', '1.0', 'PlayTron 3');
INSERT INTO `games` (`gameID`, `version`, `platform`) VALUES ('8', '1.12', 'XCar');
INSERT INTO `games` (`gameID`, `version`, `platform`) VALUES ('9', '2.12', 'XCar');
INSERT INTO `games` (`gameID`, `version`, `platform`) VALUES ('10', '4.21', 'XCar');
INSERT INTO `games` (`gameID`, `version`, `platform`) VALUES ('11', '0.01', 'Wee');
INSERT INTO `games` (`gameID`, `version`, `platform`) VALUES ('12', '12.1', 'Woo');
INSERT INTO `games` (`gameID`, `version`, `platform`) VALUES ('13', '1.01', 'PlayTro');
INSERT INTO `games` (`gameID`, `version`, `platform`) VALUES ('14', '1.00', 'Wee');
INSERT INTO `games` (`gameID`, `version`, `platform`) VALUES ('15', '0.12', 'Woo');

#fill has_plan
INSERT INTO `has_plan` (`email`, `planID`) VALUES ('Bala.Stella@hotmail.com', '3');
INSERT INTO `has_plan` (`email`, `planID`) VALUES ('Cecilie.Humaira@gmail.com', '2');
INSERT INTO `has_plan` (`email`, `planID`) VALUES ('Cecilie.Lainey@hotmail.com', '2');
INSERT INTO `has_plan` (`email`, `planID`) VALUES ('Clio.Seraphine@hotmail.com', '1');
INSERT INTO `has_plan` (`email`, `planID`) VALUES ('Desmond.Stella@hotmail.com', '1');
INSERT INTO `has_plan` (`email`, `planID`) VALUES ('Elli.Nerthus@hotmail.com', '1');
INSERT INTO `has_plan` (`email`, `planID`) VALUES ('Emmett.Humaira@hotmail.com', '1');
INSERT INTO `has_plan` (`email`, `planID`) VALUES ('Geoff.Humaira@gmail.com', '3');
INSERT INTO `has_plan` (`email`, `planID`) VALUES ('Ian.Lainey@yahoo.com', '4');
INSERT INTO `has_plan` (`email`, `planID`) VALUES ('Juan.Eseoghene@hotmail.com', '4');
INSERT INTO `has_plan` (`email`, `planID`) VALUES ('Juan.Lainey@yahoo.com', '4');
INSERT INTO `has_plan` (`email`, `planID`) VALUES ('Kekepania.Seraphine@yahoo.com', '4');
INSERT INTO `has_plan` (`email`, `planID`) VALUES ('Pavel.America@yahoo.com', '2');
INSERT INTO `has_plan` (`email`, `planID`) VALUES ('Sudarshan.Lainey@gmail.com', '2');
INSERT INTO `has_plan` (`email`, `planID`) VALUES ('Zarko.Ghislaine@yahoo.com', '3');

#fill awards

INSERT INTO `awards` (`awardID`, `aname`) VALUES ('1', 'Epic');
INSERT INTO `awards` (`awardID`, `aname`) VALUES ('2', 'Legendary');
INSERT INTO `awards` (`awardID`, `aname`) VALUES ('3', 'Trash');
INSERT INTO `awards` (`awardID`, `aname`) VALUES ('4', 'Meh');
INSERT INTO `awards` (`awardID`, `aname`) VALUES ('5', 'Good');
INSERT INTO `awards` (`awardID`, `aname`) VALUES ('6', 'Okay');

#fill rental_info
INSERT INTO `rental_info` (`rentalID`, `checkoutDate`, `dueDate`, `returnedDate`, `email`, `mediaID`) VALUES ('1', '5090-01-12', '5090-02-12', '5090-01-13', 'Bala.Stella@hotmail.com', '1');
INSERT INTO `rental_info` (`rentalID`, `checkoutDate`, `dueDate`, `returnedDate`, `email`, `mediaID`) VALUES ('2', '603-12-02', '603-12-14', '603-12-03', 'Bala.Stella@hotmail.com', '2');
INSERT INTO `rental_info` (`rentalID`, `checkoutDate`, `dueDate`, `returnedDate`, `email`, `mediaID`) VALUES ('3', '6033-11-19', '6033-12-12', '6033-11-20', 'Bala.Stella@hotmail.com', '3');
INSERT INTO `rental_info` (`rentalID`, `checkoutDate`, `dueDate`, `returnedDate`, `email`, `mediaID`) VALUES ('4', '9421-10-16', '9421-12-14', '9421-10-17', 'Bala.Stella@hotmail.com', '4');
INSERT INTO `rental_info` (`rentalID`, `checkoutDate`, `dueDate`, `returnedDate`, `email`, `mediaID`) VALUES ('5', '3763-11-15', '3763-12-15', '3763-11-16', 'Clio.Seraphine@hotmail.com', '1');
INSERT INTO `rental_info` (`rentalID`, `checkoutDate`, `dueDate`, `returnedDate`, `email`, `mediaID`) VALUES ('6', '4038-09-14', '4038-10-14', '4038-09-15', 'Clio.Seraphine@hotmail.com', '2');
INSERT INTO `rental_info` (`rentalID`, `checkoutDate`, `dueDate`, `returnedDate`, `email`, `mediaID`) VALUES ('7', '6724-03-06', '6724-04-23', '6724-03-07', 'Zarko.Ghislaine@yahoo.com', '1');
INSERT INTO `rental_info` (`rentalID`, `checkoutDate`, `dueDate`, `returnedDate`, `email`, `mediaID`) VALUES ('8', '8201-01-16', '8201-06-21', '8201-01-16', 'Zarko.Ghislaine@yahoo.com', '2');
INSERT INTO `rental_info` (`rentalID`, `checkoutDate`, `dueDate`, `returnedDate`, `email`, `mediaID`) VALUES ('9', '1503-06-01', '1503-10-12', '1503-06-02', 'Zarko.Ghislaine@yahoo.com', '3');
INSERT INTO `rental_info` (`rentalID`, `checkoutDate`, `dueDate`, `returnedDate`, `email`, `mediaID`) VALUES ('10', '1685-10-08', '1683-12-03', '1685-10-09', 'Zarko.Ghislaine@yahoo.com', '4');
INSERT INTO `rental_info` (`rentalID`, `checkoutDate`, `dueDate`, `returnedDate`, `email`, `mediaID`) VALUES ('11', '9196-06-17', '9196-07-17', '9196-06-18', 'Zarko.Ghislaine@yahoo.com', '5');
INSERT INTO `rental_info` (`rentalID`, `checkoutDate`, `dueDate`, `returnedDate`, `email`, `mediaID`) VALUES ('12', '6529--03-13', '6529-04-1', '6529--03-14', 'Zarko.Ghislaine@yahoo.com', '6');
INSERT INTO `rental_info` (`rentalID`, `checkoutDate`, `dueDate`, `returnedDate`, `email`, `mediaID`) VALUES ('13', '5457-11-16', '5457-12-01', '5457-11-17', 'Geoff.Humaira@gmail.com', '1');
INSERT INTO `rental_info` (`rentalID`, `checkoutDate`, `dueDate`, `returnedDate`, `email`, `mediaID`) VALUES ('14', '8020-09-18', '8020-10-20', '8020-09-19', 'Geoff.Humaira@gmail.com', '2');
INSERT INTO `rental_info` (`rentalID`, `checkoutDate`, `dueDate`, `returnedDate`, `email`, `mediaID`) VALUES ('15', '2500-01-13', '2500-05-14', '2500-01-14', 'Geoff.Humaira@gmail.com', '3');

#fill sequel
INSERT INTO `sequel` (`prequelID`, `sequelID`) VALUES ('1', '2');
INSERT INTO `sequel` (`prequelID`, `sequelID`) VALUES ('2', '3');

#fill won
INSERT INTO `won` (`awardID`, `movieID`) VALUES ('3', '1');
INSERT INTO `won` (`awardID`, `movieID`) VALUES ('1', '2');
INSERT INTO `won` (`awardID`, `movieID`) VALUES ('2', '3');
INSERT INTO `won` (`awardID`, `movieID`) VALUES ('5', '4');
INSERT INTO `won` (`awardID`, `movieID`) VALUES ('6', '5');
INSERT INTO `won` (`awardID`, `movieID`) VALUES ('4', '6');

#need to do workers, and livesAt2 then livesAt1 convert into script